Comment,Designator,Footprint,LCSC, Manufacturer, Part #, VEND, VEND#, LCSC, MFG,MFG#, Vend1,Vend1#, PageName
"1nF","C12,C35","Capacitor_SMD:C_0603_1608Metric","","MURATA","GRM1885C1H102FA01D","DIGI","490-6377-1-ND","C1588","","",""
"100nF","C15,C18,C42,C78,C17,C10,C1,C6,C13,C14,C24,C37,C30,C31,C32,C33,C34,C38","Capacitor_SMD:C_0603_1608Metric","","KEMET","C0603C104J5RACTU","DIGI","399-7844-1-ND","C14663","","",""
"10nF","C19,C79,C80,C82,C40,C20,C29","Capacitor_SMD:C_0603_1608Metric","","KEMET","C0603C103K1RACTU","DIGI","399-3189-1-ND","C57112","","",""
"100UF 50V","C2","Capacitor_SMD:CP_Elec_8x10.5","","NICHICON","UCD1H101MNL1GS","DIGI","493-6388-1-ND","","","",""
"18pF","C22,C21","Capacitor_SMD:C_0603_1608Metric","","","CC0603CRNPO9BN4R7","","","C1647","","","stm32f407_board"
"4.7nF","C3,C11","Capacitor_SMD:C_0603_1608Metric","","TDK","CGA3E2X7R1H472K080AA","DIGI","445-5661-1-ND","C53987","","",""
"1uF","C36,C23,C27","Capacitor_SMD:C_0603_1608Metric","","Taiyo Yuden","UMK107BJ105KA-T","DIGI","587-2400-1-ND","C15849","","",""
"22uF","C39","Capacitor_SMD:C_0603_1608Metric","","","","","","C59461","","","stm32f407_board"
"470nF","C4,C5","Capacitor_SMD:C_0603_1608Metric","","TDK","CGA3E3X7R1H474K080AE","DIGI","445-172475-1-ND","C1623","","",""
"2.2uF","C41,C26,C25","Capacitor_SMD:C_0603_1608Metric","","","","","","C23630","","",""
"22uF 25V","C43","Capacitor_SMD:C_0805_2012Metric","","TDK","C1608X5R1E106M080AC","DIGI","445-9015-1-ND","C45783","","",""
"6.8pF","C44,C28","Capacitor_SMD:C_0603_1608Metric","","","","","","C1679","","","stm32f407_board"
"10uF","C7,C9,C8","Capacitor_SMD:C_0603_1608Metric","","TDK","C1608X5R1E106M080AC","DIGI","445-9015-1-ND","C19702","","",""
"10nF","CN17,CN6,CN5,CN14","Resistor_SMD:R_Array_Convex_4x0603","","KEMET","CA064X103K2RACAUTO","DIGI","399-12382-1-ND","","","",""
"BAV70","D1,D42","Package_TO_SOT_SMD:SOT-23","","","","","","C82479","","",""
"SRV05-4","D13,D40,D39,D38,D16","Package_TO_SOT_SMD:SOT-23-6","","","","","","C85364","","",""
"LED-GREEN","D14","Capacitor_SMD:C_0805_2012Metric","","","","","","C2297","","","stm32f407_board"
"SS54","D15,D20,D36,D3,D4,D37,D5,D6","Diode_SMD:D_SMA","","","","","","C22452","","",""
"PESD1CAN-UX","D2","Package_TO_SOT_SMD:SOT-23","","Nexperia ","PESD1CANUX","DIGI","1727-1306-1-ND","C152727","","",""
"LED-RED","D21","LED_SMD:LED_0805_2012Metric","","","","","","C84256","","",""
"LED-GREEN","D22","LED_SMD:LED_0805_2012Metric","","","","","","C2297","","",""
"LED-BLUE","D23","LED_SMD:LED_0805_2012Metric","","","","","","C2293","","",""
"LED-YELLOW","D27","LED_SMD:LED_0805_2012Metric","","","","","","C2296","","",""
"LED-RED","D28,D35,D33,D31,D29,D19","LED_SMD:LED_0603_1608Metric","","Lite-On ","LTST-C193TBKT-5A","DIGI","160-1827-1-ND","C2286","","",""
"1N4148WS","D30,D34,D32,D43","Diode_SMD:D_SOD-323","","ON-SEMI","NSR0530HT","DIGI","NSR0530HT1GOSCT-ND","C2128","","",""
"SM15T33C","D41","Diode_SMD:D_SMC",""
"B5819W","D7,D17","Diode_SMD:D_SOD-123","","","","","","C8598","","",""
"FILTER","FB1","Resistor_SMD:R_0603_1608Metric_Pad1.05x0.95mm_HandSolder","","Murata ","BLM21PG221SN1D","DIGI","490-1054-1-ND","C1034","","","stm32f407_board"
"Fiducial","FID5,FID6,FID3,FID4,FID2,FID1","Fiducial:Fiducial_0.5mm_Mask1mm","","DNP","DNP","DNP","DNP","","","",""
"USB_B_Micro","J1","Connector_USB:USB_Micro-B_Wuerth_614105150721_Vertical","","MOLEX","105133-0031","MOUSER","538-105133-0031","","","",""
"Conn_02x05_Odd_Even","J2","Connector_PinSocket_2.54mm:PinSocket_2x05_P2.54mm_Vertical_SMD","","Amphenol","95278-801B10LF","MOUSER","649-95278-801B10LF","","","",""
"Conn_01x01","J3,J5,J8,J6,J10,J11,J9,J12,J13,J16,J14,J15,J17","Connector_Pin:Pin_D0.7mm_L6.5mm_W1.8mm_FlatFork",""
"Conn_02x05_Counter_Clockwise","J4","Connector_PinHeader_2.54mm:PinHeader_2x05_P2.54mm_Vertical_SMD",""
"TC2030","J7","Connector:Tag-Connect_TC2030-IDC-NL_2x03_P1.27mm_Vertical",""
"High side voltage 5V 12V","JP2","Jumper:SolderJumper-3_P1.3mm_Open_Pad1.0x1.5mm",""
"DNP","LOGO1","rusEFI:LogoMRE","","DNP","DNP","DNP","DNP","","","",""
"DNP","LOGO2","rusEFI:LOGO","","DNP","DNP","DNP","DNP","","","",""
"Net-Tie_2","NT1","rusEFI_Ola:Net-Tie_2_8.5mil",""
"Net-Tie_2","NT2","hw_microRusEfi-master:Net-Tie_2_8.5mil",""
"Analog Ground Net Tie","NT3","NetTie:NetTie-2_SMD_Pad0.5mm",""
"IPD30N06S2L-23","Q1","Package_TO_SOT_SMD:TO-252-2","","INFINEON","IPD30N06S2L23AT3","DIGI","IPD30N06S2L23ATMA3CT-ND","","","",""
"10K","R1,R16,R141,R46,R44,R39,R38,R60,R61,R62,R63,R68,R69,R70,R71,R76,R77,R78,R79,R12,R13,R3,R6,R4,R45,R43","Resistor_SMD:R_0603_1608Metric","","StackPole","RMCF0603JT10K0","DIGI","RMCF0603JT10K0CT-ND","C25804","","",""
"1k","R10","Resistor_SMD:R_1206_3216Metric","","","","","","C4410","","",""
"DNP","R11,R40,R7,R17,R19,R18","Resistor_SMD:R_0603_1608Metric","","DNP","DNP","DIGI","DNP","","","",""
"100","R120,R121,R122,R124,R125,R123","Resistor_SMD:R_1206_3216Metric","","StackPole","RMCF0603FT100R","DIGI","RMCF0603FT100RCT-ND","C17901","","",""
"470K","R131,R41,R34,R31,R24,R37,R56,R54,R52,R58","Resistor_SMD:R_0603_1608Metric","","StackPole","RMCF0603FT470K","DIGI","RMCF0603FT470KCT-ND","C23178","","",""
"39k","R139","Resistor_SMD:R_0603_1608Metric","","Yageo","RC0603FR-0739KL","DIGI","311-39.0KHRCT-ND","C23153","","",""
"2.7k","R14,R23,R25,R27,R20","Resistor_SMD:R_0603_1608Metric","","StackPole","RMCF0603FT2K70","DIGI","RMCF0603FT2K70CT-ND","C13167","","",""
"15k","R15","Resistor_SMD:R_0603_1608Metric","","StackPole","RMCF0603JG15K0","DIGI","RMCF0603JG15K0CT-ND","C22809","","",""
"n.a. 0R","R2","Resistor_SMD:R_0603_1608Metric","","StackPole","RMCF0603JJ1K00","DIGI","RMCF0603JJ1K00CT-ND","C21190","","",""
"0R","R21,R33,R80,R81","Resistor_SMD:R_0603_1608Metric","","StackPole","RMCF0603JJ1K00","DIGI","RMCF0603JJ1K00CT-ND","C21190","","",""
"120","R22","Resistor_SMD:R_0805_2012Metric","","","","","","C17437","","",""
"2.2k","R28,R48","Resistor_SMD:R_0603_1608Metric","","StackPole","RMCF0603FT2K20","DIGI","RMCF0603FT2K20CT-ND","C4190","","",""
"1k","R29,R51,R49,R36,R50","Resistor_SMD:R_0603_1608Metric","","StackPole","RMCF0603JJ1K00","DIGI","RMCF0603JJ1K00CT-ND","C21190","","",""
"6.8K","R35,R32,R26,R5,R55,R57,R59,R53,R64,R65,R66,R67,R73,R72,R74,R75","Resistor_SMD:R_0603_1608Metric","","","","","","C23212","","",""
"4.7K","R42,R9,R82,R83","Resistor_SMD:R_0603_1608Metric","","StackPole","RMCF0603JT4K70","DIGI","RMCF0603JT4K70CT-ND","C23162","","",""
"100K","R47","Resistor_SMD:R_0603_1608Metric","","StackPole","RMCF0603JT100K","DIGI","RMCF0603JT100KCT-ND","C25803","","","stm32f407_board"
"0","R8","Resistor_SMD:R_0603_1608Metric","","","","","","C21189","","",""
"1k","RN1","Resistor_SMD:R_Array_Convex_4x0603","","Bourns","CAT16-1001F4LF","DIGI","CAT16-1001F4LFCT-ND","C20197","","",""
"10k","RN5,RN6,RN3,RN13,RN4,RN2","Resistor_SMD:R_Array_Convex_4x0603","","Yageo","YC164-JR-0710KL","DIGI","YC164J-10KCT-ND","C29718","","",""
"SW_Push","SW2,SW1","Button_Switch_SMD:SW_SPST_CK_RS282G05A3",""
"SW_Push","SW3,SW4","Button_Switch_SMD:SW_Push_SPST_NO_Alps_SKRK",""
"GND","TP0,TP3","TestPoint:TestPoint_Pad_D2.0mm","","DNP","DNP","DNP","DNP","","","",""
"TP","TP4,TP2,TP1","TestPoint:TestPoint_Pad_D2.0mm","","DNP","DNP","DNP","DNP","","","",""
"5V","TP5,TP12","TestPoint:TestPoint_Pad_D2.0mm","","DNP","DNP","DNP","DNP","","","",""
"STM32F407VGT6","U1","Package_QFP:LQFP-100_14x14mm_P0.5mm","","ST","STM32F407VGT6","","","C12345","","",""
"VNLD5090","U10,U9","Package_SO:SO-8_3.9x4.9mm_P1.27mm","","","","","","C377942","ST,VNLD5090TR-E","DIGI,497-14323-1-ND",""
"IS25LP256D-xM","U11","Package_SO:SOIC-16W_7.5x10.3mm_P1.27mm","","ISSI","IS25LP256D-RMLE","","","","","",""
"TLE8888QK","U2","Package_QFP:LQFP-100_14x14mm_P0.5mm_THERMAL","","Infineon ","TLE88882QKXUMA1","DIGI","TLE88882QKXUMA1-ND","","","",""
"molex_48pin_MRE","U3","rusefi_lib:Molex_48_MRE","","MOLEX","500762-0481","DIGI","WM4430-ND","","","",""
"MIC4427","U31,U33,U32","Package_SO:SOIC-8_3.9x4.9mm_P1.27mm","","","","","","C144205","","",""
"MCP6004","U35,U36,U46,U8","Package_SO:TSSOP-14_4.4x5mm_P0.65mm","","MicroChip","MCP6004T-I/ST","DIGI","MCP6004T-I/STCT-ND","C248577","","",""
"TLE9201SG","U4","Package_SO:Infineon_PG-DSO-12-11","","Infineon ","TLE9201SG","DIGI","TLE9201SGAUMA1CT-ND","C112633","","",""
"LM1117-3.3","U5","Package_TO_SOT_SMD:SOT-223-3_TabPin2","","","","","","C6186","","",""
"W25QxxJVS","U6","hw_microRusEfi-master:SO-8_5.3x6.2mm_P1.27mm-150+208","","","","","","C97521","","",""
"XC6206 3.3V","U7","Package_TO_SOT_SMD:SOT-23","","","","","","C5446","","",""
"8MHz 20pF","X1","Crystal:Crystal_SMD_5032-2Pin_5.0x3.2mm","","","","","","C115962","","","stm32f407_board"
"32768 Hz","Y2","Crystal:Crystal_SMD_3215-2Pin_3.2x1.5mm","","","","","","C32346","","",""